Order ID,Order Month,CustomerName,State,City
B-26055,January,Harivansh,Uttar Pradesh,Mathura
B-25993,February,Madhav,Delhi,Delhi
B-25973,March,Madan Mohan,Uttar Pradesh,Mathura
B-25923,April,Gopal,Maharashtra,Mumbai
B-25757,May,Vishakha,Madhya Pradesh,Indore
B-25967,June,Sudevi,Uttar Pradesh,Prayagraj
B-25955,July,Shiva,Maharashtra,Pune
B-26093,August,Sarita,Maharashtra,Pune
B-25798,September,Shishu,Andhra Pradesh,Hyderabad
B-25602,October,Vrinda,Maharashtra,Pune
B-25858,November,Uudhav,Maharashtra,Mumbai
B-25969,December,Shreyshi,Gujarat,Surat
B-26099,January,Bhishm,Maharashtra,Mumbai
B-25997,February,Yogesh,Maharashtra,Pune
B-25881,March,Lalita,Uttar Pradesh,Mathura
B-25761,April,Madhav,Uttar Pradesh,Mathura
B-25887,May,Vishakha,Uttar Pradesh,Prayagraj
B-25823,June,Rohan,Maharashtra,Mumbai
B-25853,July,Gaurav,Gujarat,Ahmedabad
B-25862,August,Amol,Bihar,Patna
B-25830,September,Aastha,Himachal Pradesh,Simla
B-25786,October,Madan Mohan,Uttar Pradesh,Mathura
B-25686,November,Pooja,Himachal Pradesh,Simla
B-26022,December,Shrichand,Punjab,Chandigarh
B-26003,January,Hitesh,Madhya Pradesh,Bhopal
B-25755,February,Shourya,Kerala ,Thiruvananthapuram
B-25902,March,Ishpreet,Maharashtra,Mumbai
B-25935,April,Sudhir,Nagaland,Kohima
B-25797,May,Sauptik,Madhya Pradesh,Indore
B-25639,June,Lisha,Madhya Pradesh,Bhopal
B-25681,July,Bhawna,Madhya Pradesh,Indore
B-25909,August,Sujay,Maharashtra,Pune
B-25910,September,Jay,Delhi,Delhi
B-25950,October,Shruti,Madhya Pradesh,Indore
B-25613,November,Mohan,Haryana,Chandigarh
B-25919,December,Neha,Rajasthan,Udaipur
B-25768,January,Shreyoshe,Karnataka,Bangalore
B-25629,February,Hemant,Kerala ,Thiruvananthapuram
B-25729,March,Madhulika,Madhya Pradesh,Bhopal
B-25943,April,Shardul,Gujarat,Ahmedabad
B-25842,May,Sheetal,Maharashtra,Pune
B-26073,June,Pournamasi,Madhya Pradesh,Indore
B-25778,July,Surabhi,Maharashtra,Mumbai
B-25717,August,Manshul,Uttar Pradesh,Lucknow
B-26085,September,Shrichand,Punjab,Chandigarh
B-26048,October,Parth,Maharashtra,Pune
B-25793,November,Siddharth,Madhya Pradesh,Indore
B-25656,December,Priyanka,Maharashtra,Pune
B-25608,January,Aarushi,Tamil Nadu,Chennai
B-25752,February,Vaibhav,Madhya Pradesh,Indore
B-25779,March,Savi,Maharashtra,Pune
B-25603,April,Jahan,Madhya Pradesh,Bhopal
B-26051,May,Parishi,West Bengal,Kolkata
B-25653,June,Farah,Nagaland,Kohima
B-25855,July,Abhijeet,Madhya Pradesh,Bhopal
B-25762,August,Anudeep,Madhya Pradesh,Indore
B-25995,September,Yohann,Delhi,Delhi
B-25929,October,Girase,Kerala ,Thiruvananthapuram
B-26006,November,Arpita,Karnataka,Bangalore
B-25697,December,Vijay,Jammu and Kashmir,Kashmir
B-25836,January,Arti,Maharashtra,Pune
B-25601,February,Bharat,Gujarat,Ahmedabad
B-25873,March,Divyeta,Madhya Pradesh,Indore
B-26028,April,Manju,Andhra Pradesh,Hyderabad
B-25964,May,Oshin,Maharashtra,Pune
B-25676,June,Chandni,Rajasthan,Jaipur
B-25839,July,Pranjali,West Bengal,Kolkata
B-25894,August,Monu,Punjab,Amritsar
B-25925,September,Shruti,Maharashtra,Mumbai
B-25953,October,Krutika,Andhra Pradesh,Hyderabad
B-25772,November,Sanjana,Bihar,Patna
B-25957,December,Mahima,Madhya Pradesh,Indore
B-25730,January,Rishabh,Rajasthan,Jaipur
B-25877,February,Dashyam,Gujarat,Surat
B-26067,March,Tulika,Madhya Pradesh,Bhopal
B-25810,April,Nripraj,Punjab,Chandigarh
B-25868,May,Vikash,Goa,Goa
B-26023,June,Mukesh,Haryana,Chandigarh
B-25626,July,Bhishm,Maharashtra,Mumbai
B-25937,August,Ankit,Haryana,Chandigarh
B-25610,September,Yogesh,Bihar,Patna
B-25777,October,Aditi,Madhya Pradesh,Indore
B-25738,November,Ayush,Punjab,Chandigarh
B-25978,December,Parin,Maharashtra,Mumbai
B-25643,January,Kirti,Jammu and Kashmir,Kashmir
B-25728,February,Ameesha,Maharashtra,Pune
B-25749,March,Ayush,Maharashtra,Mumbai
B-25667,April,Anjali,Haryana,Chandigarh
B-25657,May,Tulika,Madhya Pradesh,Bhopal
B-25753,June,Shivam,Uttar Pradesh,Lucknow
B-26061,July,Anurag,Madhya Pradesh,Indore
B-25838,August,Sanjana,Madhya Pradesh,Indore
B-25702,September,Shaily,Maharashtra,Mumbai
B-25952,October,Priyanka,Madhya Pradesh,Indore
B-25666,November,Tanvi,Punjab,Chandigarh
B-25675,December,Shreya,Madhya Pradesh,Bhopal
B-25650,January,Chirag,Maharashtra,Mumbai
B-25986,February,Shweta,Rajasthan,Udaipur
B-25850,March,Abhishek,Goa,Goa
B-25898,April,Abhishek,Rajasthan,Udaipur
B-25813,May,Hrisheekesh,Maharashtra,Mumbai
B-25825,June,Kartik,Madhya Pradesh,Indore
B-25954,July,Trupti,Gujarat,Ahmedabad
B-25696,August,Noopur,Karnataka,Bangalore
B-25638,September,Parth,Maharashtra,Pune
B-25747,October,Harsh,Madhya Pradesh,Bhopal
B-25904,November,Swapnil,Delhi,Delhi
B-25852,December,Soumyabrata,Andhra Pradesh,Hyderabad
B-25981,January,Amruta,Delhi,Delhi
B-25899,February,Aishwarya,Uttar Pradesh,Prayagraj
B-25870,March,Pranav,Andhra Pradesh,Hyderabad
B-26040,April,Sahil,Punjab,Chandigarh
B-25671,May,Mitali,Nagaland,Kohima
B-26100,June,Hitika,Madhya Pradesh,Indore
B-25651,July,Anurag,Madhya Pradesh,Indore
B-25968,August,Paromita,Punjab,Amritsar
B-26019,September,Jitesh,Uttar Pradesh,Lucknow
B-25664,October,Pratyusmita,Bihar,Patna
B-26033,November,Atharv,West Bengal,Kolkata
B-26052,December,Ajay,Karnataka,Bangalore
B-25999,January,Diwakar,Delhi,Delhi
B-25781,February,Rutuja,Gujarat,Ahmedabad
B-25764,March,Sanjova,Maharashtra,Pune
B-25803,April,Shivanshu,Madhya Pradesh,Indore
B-25945,May,Mhatre,Madhya Pradesh,Indore
B-26086,June,Mukesh,Haryana,Chandigarh
B-25845,July,Snel,Kerala ,Thiruvananthapuram
B-25817,August,Praneet,Maharashtra,Mumbai
B-25951,September,Jesal,West Bengal,Kolkata
B-25970,October,Rhea,Maharashtra,Mumbai
B-25878,November,Mrinal,Maharashtra,Mumbai
B-26057,December,Sharda,Kerala ,Thiruvananthapuram
B-25885,January,Shatayu,Madhya Pradesh,Indore
B-25897,February,Rohan,Madhya Pradesh,Indore
B-25756,March,Mohan,Maharashtra,Mumbai
B-25859,April,Chikku,Madhya Pradesh,Indore
B-25691,May,Akancha,Maharashtra,Mumbai
B-25633,June,Amit,Sikkim,Gangtok
B-25708,July,Kishwar,Madhya Pradesh,Indore
B-25831,August,Mahima,Sikkim,Gangtok
B-25856,September,Abhijeet,Maharashtra,Mumbai
B-25893,October,Vrinda,Uttar Pradesh,Mathura
B-25959,November,Muskan,Madhya Pradesh,Indore
B-26000,December,Shubham,Delhi,Delhi
B-26097,January,Vini,Karnataka,Bangalore
B-25745,February,Kartik,Gujarat,Ahmedabad
B-25974,March,Manisha,Rajasthan,Udaipur
B-25670,April,Charika,Goa,Goa
B-25848,May,Rohan,Himachal Pradesh,Simla
B-25888,June,Rohan,Punjab,Amritsar
B-25942,July,Ankur,Andhra Pradesh,Hyderabad
B-25847,August,Aniket,Haryana,Chandigarh
B-25636,September,Nishi,Maharashtra,Mumbai
B-25826,October,Tanushree,Maharashtra,Mumbai
B-26081,November,Aarushi,Tamil Nadu,Chennai
B-25625,December,Pinky,Jammu and Kashmir,Kashmir
B-25802,January,Yash,Maharashtra,Mumbai
B-25693,February,Parna,Madhya Pradesh,Bhopal
B-25796,March,Sukrith,Maharashtra,Mumbai
B-25806,April,Dhanraj,Madhya Pradesh,Indore
B-25710,May,Megha,Maharashtra,Pune
B-25669,June,Piyali,Sikkim,Gangtok
B-25857,July,Anand,Madhya Pradesh,Indore
B-25785,August,Ayush,West Bengal,Kolkata
B-25930,September,Monica,Punjab,Chandigarh
B-26053,October,Kirti,Jammu and Kashmir,Kashmir
B-26070,November,Shruti,Karnataka,Bangalore
B-25791,December,Avish,Kerala ,Thiruvananthapuram
B-25983,January,Atul,Delhi,Delhi
B-25979,February,Shivangi,Madhya Pradesh,Indore
B-26054,March,Mayank,Maharashtra,Mumbai
B-26078,April,Kasheen,West Bengal,Kolkata
B-25787,May,Asish,Jammu and Kashmir,Kashmir
B-25682,June,Krutika,Bihar,Patna
B-25962,July,Tejeswini,Maharashtra,Pune
B-25750,August,Priyanshu,Madhya Pradesh,Indore
B-25828,September,Nikita,Punjab,Chandigarh
B-25622,October,Monisha,Rajasthan,Jaipur
B-25751,November,Nishant,Maharashtra,Mumbai
B-25685,December,Sheetal,Madhya Pradesh,Indore
B-26010,January,Kartikay,Bihar,Patna
B-26035,February,Pinky,Jammu and Kashmir,Kashmir
B-25698,March,Amisha,Tamil Nadu,Chennai
B-25966,April,Soumya,Rajasthan,Udaipur
B-25832,May,Harshita,Maharashtra,Mumbai
B-25743,June,Aman,Nagaland,Kohima
B-25886,July,Brijesh,Rajasthan,Udaipur
B-25975,August,Priyanka,Uttar Pradesh,Prayagraj
B-26098,September,Pinky,Jammu and Kashmir,Kashmir
B-25614,October,Vandana,Himachal Pradesh,Simla
B-25726,November,Kiran,Maharashtra,Mumbai
B-26050,December,Paridhi,Rajasthan,Jaipur
B-25609,January,Jitesh,Uttar Pradesh,Lucknow
B-25741,February,Navdeep,Madhya Pradesh,Indore
B-25956,March,Shreya,Maharashtra,Mumbai
B-25689,April,Bhaggyasree,Maharashtra,Mumbai
B-25939,May,Vineet,Sikkim,Gangtok
B-25890,June,Divyansha,Maharashtra,Mumbai
B-25814,July,Swapnil,Madhya Pradesh,Indore
B-25718,August,Anjali,Maharashtra,Mumbai
B-25914,September,Kajal,Delhi,Delhi
B-25903,October,Amlan,Madhya Pradesh,Indore
B-26096,November,Atharv,West Bengal,Kolkata
B-25654,December,Sabah,Maharashtra,Mumbai
B-26076,January,Jahan,Madhya Pradesh,Bhopal
B-25961,February,Surbhi,Gujarat,Ahmedabad
B-25854,March,Shubham,Maharashtra,Pune
B-25642,April,Ajay,Karnataka,Bangalore
B-25683,May,Shreya,Kerala ,Thiruvananthapuram
B-26016,June,Hazel,Karnataka,Bangalore
B-26034,July,Vini,Karnataka,Bangalore
B-26056,August,Sonal,Bihar,Patna
B-25819,September,Ankur,Madhya Pradesh,Bhopal
B-25715,October,Srishti,Jammu and Kashmir,Kashmir
B-25933,November,Shikhar,Maharashtra,Mumbai
B-26014,December,Divsha,Rajasthan,Jaipur
B-25655,January,Nida,Madhya Pradesh,Indore
B-25816,February,Mane,Andhra Pradesh,Hyderabad
B-25634,March,Sanjay,Goa,Goa
B-25895,April,Sathya,Gujarat,Surat
B-25687,May,Sanjna,Maharashtra,Mumbai
B-25662,June,Sweta,Maharashtra,Mumbai
B-25635,July,Nidhi,Nagaland,Kohima
B-26060,August,Chirag,Maharashtra,Mumbai
B-26045,September,Nidhi,Nagaland,Kohima
B-25770,October,Sakshi,Madhya Pradesh,Indore
B-25744,November,Devendra,Andhra Pradesh,Hyderabad
B-25618,December,Manju,Andhra Pradesh,Hyderabad
B-25958,January,Aparajita,West Bengal,Kolkata
B-25769,February,Surbhi,Maharashtra,Mumbai
B-25619,March,Ramesh,Gujarat,Ahmedabad
B-25688,April,Swetha,Madhya Pradesh,Indore
B-25829,May,Apoorva,Haryana,Chandigarh
B-26036,June,Bhishm,Maharashtra,Mumbai
B-25714,July,Stuti,Karnataka,Bangalore
B-25989,August,Anjali,Delhi,Delhi
B-25849,September,K,Sikkim,Gangtok
B-25851,October,Kushal,Nagaland,Kohima
B-25782,November,Aayushi,Maharashtra,Mumbai
B-25621,December,Deepak,Madhya Pradesh,Bhopal
B-25996,January,Prashant,Delhi,Delhi
B-25678,February,Bathina,Karnataka,Bangalore
B-25727,March,Turumella,Madhya Pradesh,Indore
B-26018,April,Aarushi,Tamil Nadu,Chennai
B-25760,May,Pooja,Goa,Goa
B-25804,June,Sudheer,Karnataka,Bangalore
B-25754,July,Akshay,Bihar,Patna
B-26020,August,Yogesh,Bihar,Patna
B-25640,September,Paridhi,Rajasthan,Jaipur
B-25789,October,Akshay,Uttar Pradesh,Lucknow
B-26072,November,Sweta,Maharashtra,Mumbai
B-26007,December,Shubham,Jammu and Kashmir,Kashmir
B-26087,January,Vandana,Himachal Pradesh,Simla
B-25617,February,Sagar,Nagaland,Kohima
B-25984,March,Kajal,Delhi,Delhi
B-25767,April,Ashmeet,West Bengal,Kolkata
B-25987,May,Manjiri,Delhi,Delhi
B-25840,June,Sneha,Karnataka,Bangalore
B-25663,July,Pournamasi,Madhya Pradesh,Indore
B-26030,August,Sarita,Maharashtra,Pune
B-25947,September,Chetan,Gujarat,Ahmedabad
B-25896,October,Aman,Maharashtra,Mumbai
B-26009,November,Komal,Uttar Pradesh,Lucknow
B-25876,December,Bhosale,Punjab,Amritsar
B-25915,January,Sukruta,Punjab,Amritsar
B-25795,February,Sukant,Sikkim,Gangtok
B-26002,March,Harsh,Delhi,Delhi
B-25645,April,Yaanvi,Madhya Pradesh,Indore
B-25837,May,Palak,Maharashtra,Mumbai
B-25612,June,Shrichand,Punjab,Chandigarh
B-25812,July,Kshitij,Madhya Pradesh,Indore
B-25843,August,Mrunal,Maharashtra,Mumbai
B-26026,September,Kanak,Goa,Goa
B-25773,October,Shreya,Kerala ,Thiruvananthapuram
B-25875,November,Divyeshkumar,Uttar Pradesh,Prayagraj
B-25660,December,Shruti,Karnataka,Bangalore
B-25918,January,Karandeep,Madhya Pradesh,Indore
B-25971,February,Mitali,Madhya Pradesh,Indore
B-26063,March,Farah,Nagaland,Kohima
B-25867,April,Ankit,Sikkim,Gangtok
B-25703,May,Ekta,Madhya Pradesh,Indore
B-25661,June,Subhashree,Jammu and Kashmir,Kashmir
B-25748,July,Nitant,Rajasthan,Jaipur
B-25766,August,Surabhi,Rajasthan,Jaipur
B-25861,September,Aayush,Uttar Pradesh,Lucknow
B-26058,October,Aditya,Punjab,Chandigarh
B-25808,November,Apsingekar,Bihar,Patna
B-25900,December,Anand,Punjab,Amritsar
B-26084,January,Anita,Kerala ,Thiruvananthapuram
B-25652,February,Tushina,Goa,Goa
B-26008,March,Kalyani,Tamil Nadu,Chennai
B-25799,April,Divyansh,Gujarat,Ahmedabad
B-25927,May,Shreya,Uttar Pradesh,Lucknow
B-25985,June,Ginny,Madhya Pradesh,Indore
B-25994,July,Omkar,Delhi,Delhi
B-25620,August,Sarita,Maharashtra,Pune
B-25712,September,Adhvaita,Rajasthan,Jaipur
B-25976,October,Piyam,Punjab,Amritsar
B-26068,November,Shefali,Rajasthan,Jaipur
B-25721,December,Anchal,Haryana,Chandigarh
B-25863,January,Manibalan,Kerala ,Thiruvananthapuram
B-25991,February,Mansi,Madhya Pradesh,Indore
B-25737,March,Shubham,Madhya Pradesh,Indore
B-26043,April,Amit,Sikkim,Gangtok
B-25977,May,Aayushi,Gujarat,Surat
B-25908,June,Pradeep,Delhi,Delhi
B-25941,July,Jaideep,Nagaland,Kohima
B-25794,August,Aditya,Himachal Pradesh,Simla
B-26041,September,Ritu,Haryana,Chandigarh
B-25695,October,Suhani,West Bengal,Kolkata
B-25960,November,Shreya,Andhra Pradesh,Hyderabad
B-26037,December,Hitika,Madhya Pradesh,Indore
B-25921,January,Sandra,Punjab,Amritsar
B-25944,February,Syed,Maharashtra,Pune
B-25724,March,Sheetal,Madhya Pradesh,Indore
B-26024,April,Vandana,Himachal Pradesh,Simla
B-25694,May,Subhasmita,Rajasthan,Jaipur
B-25665,June,Chayanika,Kerala ,Thiruvananthapuram
B-26004,July,Nandita,Rajasthan,Jaipur
B-25611,August,Anita,Kerala ,Thiruvananthapuram
B-25901,September,Suraj,Gujarat,Surat
B-25623,October,Atharv,West Bengal,Kolkata
B-25713,November,Raksha,West Bengal,Kolkata
B-26091,December,Manju,Andhra Pradesh,Hyderabad
B-25604,January,Divsha,Rajasthan,Jaipur
B-25827,February,Sheetal,Madhya Pradesh,Indore
B-25835,March,Moumita,Gujarat,Ahmedabad
B-26025,April,Bhavna,Sikkim,Gangtok
B-25809,May,Suman,Kerala ,Thiruvananthapuram
B-25905,June,Bhargav,Delhi,Delhi
B-25948,July,Mukund,Maharashtra,Pune
B-26094,August,Deepak,Madhya Pradesh,Bhopal
B-25949,September,Shantanu,Maharashtra,Mumbai
B-26001,October,Patil,Delhi,Delhi
B-25771,November,Vaibhavi,Uttar Pradesh,Lucknow
B-25659,December,Sanskriti,West Bengal,Kolkata
B-25924,January,Prajakta,Karnataka,Bangalore
B-25883,February,Saptadeep,Gujarat,Surat
B-25946,March,Saurabh,Andhra Pradesh,Hyderabad
B-26065,April,Nida,Madhya Pradesh,Indore
B-26083,May,Yogesh,Bihar,Patna
B-25725,June,Anisha,Nagaland,Kohima
B-25630,July,Sahil,Punjab,Chandigarh
B-25673,August,Arsheen,Gujarat,Ahmedabad
B-25692,September,Rashmi,Madhya Pradesh,Indore
B-25992,October,Gaurav,Rajasthan,Udaipur
B-25765,November,Meghana,Madhya Pradesh,Bhopal
B-25892,December,Aditi,Rajasthan,Udaipur
B-26089,January,Kanak,Goa,Goa
B-25780,February,Teena,Andhra Pradesh,Hyderabad
B-25684,March,Samiksha,Maharashtra,Mumbai
B-25739,April,Daksh,Haryana,Chandigarh
B-25731,May,Akash,West Bengal,Kolkata
B-25648,June,Aditya,Punjab,Chandigarh
B-26038,July,Pooja,Bihar,Patna
B-25700,August,Shubhi,Maharashtra,Mumbai
B-26015,September,Kasheen,West Bengal,Kolkata
B-25704,October,Riya,Maharashtra,Mumbai
B-25811,November,Utsav,Maharashtra,Mumbai
B-25821,December,Ajay,West Bengal,Kolkata
B-25874,January,Megha,Rajasthan,Udaipur
B-25668,February,Rhea,Himachal Pradesh,Simla
B-25800,March,Ishit,Maharashtra,Pune
B-25928,April,Smriti,Bihar,Patna
B-26021,May,Anita,Kerala ,Thiruvananthapuram
B-26064,June,Ankita,Maharashtra,Mumbai
B-25882,July,Masurkar,Punjab,Amritsar
B-25891,August,Shivani,Madhya Pradesh,Indore
B-25820,September,Dheeraj,Rajasthan,Jaipur
B-25889,October,Abhishek,Gujarat,Surat
B-25871,November,Gunjal,Gujarat,Surat
B-25637,December,Ashmi,Madhya Pradesh,Indore
B-25616,January,Kanak,Goa,Goa
B-25972,February,Jesslyn,Rajasthan,Udaipur
B-25805,March,Ankit,Maharashtra,Mumbai
B-25860,April,Akshay,Tamil Nadu,Chennai
B-26080,May,Sonakshi,Jammu and Kashmir,Kashmir
B-25807,June,Vipul,Uttar Pradesh,Lucknow
B-25734,July,Pranav,Madhya Pradesh,Indore
B-25880,August,Apoorv,Rajasthan,Udaipur
B-25934,September,Rahul,Madhya Pradesh,Indore
B-25913,October,Geetanjali,Delhi,Delhi
B-25912,November,Preksha,Delhi,Delhi
B-25824,December,Shyam,Madhya Pradesh,Indore
B-25711,January,Sakshi,Madhya Pradesh,Bhopal
B-25864,February,Aromal,Maharashtra,Mumbai
B-25917,March,Sanjay,Maharashtra,Mumbai
B-26049,April,Lisha,Madhya Pradesh,Bhopal
B-25920,May,Jayanti,Uttar Pradesh,Prayagraj
B-25699,June,Kritika,Uttar Pradesh,Lucknow
B-25735,July,Arindam,Uttar Pradesh,Lucknow
B-25701,August,Maithilee,Madhya Pradesh,Indore
B-26092,September,Ramesh,Gujarat,Ahmedabad
B-26082,October,Jitesh,Uttar Pradesh,Lucknow
B-25818,November,Sandeep,Madhya Pradesh,Indore
B-25846,December,Soodesh,Punjab,Chandigarh
B-26011,January,Bharat,Gujarat,Ahmedabad
B-25631,February,Ritu,Haryana,Chandigarh
B-25606,March,Hazel,Karnataka,Bangalore
B-25746,April,Shivam,Maharashtra,Pune
B-26005,May,Parnavi,West Bengal,Kolkata
B-25844,June,Swati,Madhya Pradesh,Indore
B-25869,July,Parakh,Nagaland,Kohima
B-26066,August,Priyanka,Maharashtra,Pune
B-25865,September,Arun,Madhya Pradesh,Indore
B-26039,October,Hemant,Kerala ,Thiruvananthapuram
B-25916,November,Utkarsh,Gujarat,Surat
B-26090,December,Sagar,Nagaland,Kohima
B-25988,January,Nirja,Delhi,Delhi
B-25906,February,Abhijit,Delhi,Delhi
B-26017,March,Sonakshi,Jammu and Kashmir,Kashmir
B-25644,April,Mayank,Maharashtra,Mumbai
B-25679,May,Avni,Maharashtra,Mumbai
B-25723,June,Wale,Maharashtra,Mumbai
B-25605,July,Kasheen,West Bengal,Kolkata
B-25792,August,Abhishek,Maharashtra,Mumbai
B-25680,September,Aayushi,Madhya Pradesh,Indore
B-25931,October,Sidharth,Maharashtra,Mumbai
B-25932,November,Bhutekar,Madhya Pradesh,Indore
B-25990,December,Mugdha,Delhi,Delhi
B-25615,January,Bhavna,Sikkim,Gangtok
B-26031,February,Deepak,Madhya Pradesh,Bhopal
B-25801,March,Aryan,Madhya Pradesh,Bhopal
B-25833,April,Krishna,Madhya Pradesh,Indore
B-26077,May,Divsha,Rajasthan,Jaipur
B-25936,June,Nikhil,Punjab,Chandigarh
B-25938,July,Shikhar,Himachal Pradesh,Simla
B-25716,August,Surabhi,Tamil Nadu,Chennai
B-25740,September,Rane,Maharashtra,Mumbai
B-25763,October,Noshiba,Gujarat,Ahmedabad
B-25872,November,Saurabh,Maharashtra,Mumbai
B-25879,December,Siddharth,Madhya Pradesh,Indore
B-25926,January,Dipali,Madhya Pradesh,Indore
B-26074,February,Bharat,Gujarat,Ahmedabad
B-25627,March,Hitika,Madhya Pradesh,Indore
B-25940,April,Vivek,Goa,Goa
B-26047,May,Ashmi,Madhya Pradesh,Indore
B-26069,June,Sanskriti,West Bengal,Kolkata
B-26027,July,Sagar,Nagaland,Kohima
B-25963,August,Pratiksha,Maharashtra,Mumbai
B-25922,September,Akshata,Gujarat,Surat
B-25866,October,Komal,Himachal Pradesh,Simla
B-25607,November,Sonakshi,Jammu and Kashmir,Kashmir
B-25775,December,Duhita,Haryana,Chandigarh
B-25998,January,Anmol,Rajasthan,Udaipur
B-26062,February,Tushina,Goa,Goa
B-25722,March,Inderpreet,Himachal Pradesh,Simla
B-25776,April,Mousam,Maharashtra,Mumbai
B-26032,May,Monisha,Rajasthan,Jaipur
B-25705,June,Shweta,Madhya Pradesh,Indore
B-25628,July,Pooja,Bihar,Patna
B-25733,August,Dhirajendu,Maharashtra,Mumbai
B-25647,September,Sharda,Kerala ,Thiruvananthapuram
B-25790,October,Sajal,Bihar,Patna
B-25709,November,Aakanksha,Madhya Pradesh,Indore
B-25911,December,Phalguni,Madhya Pradesh,Bhopal
B-25774,January,Snehal,Punjab,Chandigarh
B-26042,February,Manish,Himachal Pradesh,Simla
B-25815,March,Harsh,Nagaland,Kohima
B-25822,April,Tejas,Karnataka,Bangalore
B-26075,May,Pearl,Maharashtra,Pune
B-25783,June,Shivangi,Madhya Pradesh,Indore
B-26046,July,Nishi,Maharashtra,Mumbai
B-25690,August,Gunjan,Madhya Pradesh,Indore
B-25706,September,Swetlana,Goa,Goa
B-25736,October,Akshat,Maharashtra,Mumbai
B-25720,November,Namrata,Punjab,Chandigarh
B-25907,December,Jaydeep,Madhya Pradesh,Bhopal
B-25719,January,Rashmi,Madhya Pradesh,Indore
B-26013,February,Jahan,Madhya Pradesh,Bhopal
B-26044,March,Sanjay,Goa,Goa
B-25649,April,Rachna,Haryana,Chandigarh
B-25658,May,Shefali,Rajasthan,Jaipur
B-25672,June,Akanksha,Andhra Pradesh,Hyderabad
B-25624,July,Vini,Karnataka,Bangalore
B-25884,August,Sumeet,Maharashtra,Mumbai
B-25641,September,Parishi,West Bengal,Kolkata
B-25841,October,Ashvini,Maharashtra,Mumbai
B-25980,November,Shweta,Rajasthan,Udaipur
B-26012,December,Pearl,Maharashtra,Pune
B-26029,January,Ramesh,Gujarat,Ahmedabad
B-26071,February,Subhashree,Jammu and Kashmir,Kashmir
B-25646,March,Sonal,Bihar,Patna
B-25677,April,Ekta,West Bengal,Kolkata
B-25759,May,Soumya,Sikkim,Gangtok
B-26059,June,Rachna,Haryana,Chandigarh
B-25632,July,Manish,Himachal Pradesh,Simla
B-26079,August,Hazel,Karnataka,Bangalore
B-25674,September,Mahima,Maharashtra,Pune
B-25965,October,Saloni,West Bengal,Kolkata
B-25732,November,Anubhaw,Karnataka,Bangalore
B-25834,December,Ananya,Andhra Pradesh,Hyderabad
B-25784,January,Rohit,Rajasthan,Jaipur
B-25982,February,Hemangi,Delhi,Delhi
B-25788,March,Dinesh,Tamil Nadu,Chennai
B-25742,April,Ashwin,Goa,Goa
B-26088,May,Bhavna,Sikkim,Gangtok
B-25707,June,Shivani,Maharashtra,Mumbai
B-25758,July,Shubham,Himachal Pradesh,Simla
B-26095,August,Monisha,Rajasthan,Jaipur
